ScanF,z,PPM,XCorr,&#916;Corr,"# Ions","# Ions Link",Reference,"Reference Link",Peptide,"Peptide Link","Gene Symbol",Max,"LDA Score","LDA Probability","LDA -Log10 Probability","LDA Q Value"
<br />
<b>Warning</b>:  Invalid argument supplied for foreach() in <b>/usr/share/gfy/www/modules/filters/lib/filter_lib.php</b> on line <b>87</b><br />
10353,2,"   2.80","  2.698","  0.243",14/28,/core/www/modules//sdig/index.php?run_id=24640&search_id=26160&scans_id=24640&peptide_id=1036&scanf=10353&charge=2&value=14/28,P04350_TBB4A_HUMAN,/core/www/modules//consensus/?run_id=24640&search_id=26160&scans_id=24640&peptide_id=1036&scanf=10353&charge=2&value=P04350_TBB4A_HUMAN,R.AVLVDLEPGTMDSVR.S,/core/www/modules/show_out/show_out_wrapper.php?run_id=24640&search_id=26160&scans_id=24640&peptide_id=1036&scanf=10353&charge=2&value=R.AVLVDLEPGTMDSVR.S,TUBB4A,21041.7,-10000.000,-1.000,0.000,-1.000
10561,2,"   2.02","  5.170","  0.588",23/38,/core/www/modules//sdig/index.php?run_id=24640&search_id=26160&scans_id=24640&peptide_id=1246&scanf=10561&charge=2&value=23/38,Q71U36_TBA1A_HUMAN,/core/www/modules//consensus/?run_id=24640&search_id=26160&scans_id=24640&peptide_id=1246&scanf=10561&charge=2&value=Q71U36_TBA1A_HUMAN,K.TIGGGDDSFNTFFSETGAGK.H,/core/www/modules/show_out/show_out_wrapper.php?run_id=24640&search_id=26160&scans_id=24640&peptide_id=1246&scanf=10561&charge=2&value=K.TIGGGDDSFNTFFSETGAGK.H,TUBA1A,62125.3,-10000.000,-1.000,0.000,-1.000
10995,2,"  -0.07","  2.258","  0.313",14/18,/core/www/modules//sdig/index.php?run_id=24640&search_id=26160&scans_id=24640&peptide_id=1681&scanf=10995&charge=2&value=14/18,Q9H4B7_TBB1_HUMAN,/core/www/modules//consensus/?run_id=24640&search_id=26160&scans_id=24640&peptide_id=1681&scanf=10995&charge=2&value=Q9H4B7_TBB1_HUMAN,K.LAVNMVPFPR.L,/core/www/modules/show_out/show_out_wrapper.php?run_id=24640&search_id=26160&scans_id=24640&peptide_id=1681&scanf=10995&charge=2&value=K.LAVNMVPFPR.L,TUBB1,6171.8,-10000.000,-1.000,0.000,-1.000
11149,3,"   0.88","  2.531","  0.233",19/60,/core/www/modules//sdig/index.php?run_id=24640&search_id=26160&scans_id=24640&peptide_id=1832&scanf=11149&charge=3&value=19/60,P12724_ECP_HUMAN,/core/www/modules//consensus/?run_id=24640&search_id=26160&scans_id=24640&peptide_id=1832&scanf=11149&charge=3&value=P12724_ECP_HUMAN,R.DSPRYPVVPVHLDTTI.-,/core/www/modules/show_out/show_out_wrapper.php?run_id=24640&search_id=26160&scans_id=24640&peptide_id=1832&scanf=11149&charge=3&value=R.DSPRYPVVPVHLDTTI.-,RNASE3,27400.8,-10000.000,-1.000,0.000,-1.000
11693,2,"   2.41","  3.248","  0.514",16/22,/core/www/modules//sdig/index.php?run_id=24640&search_id=26160&scans_id=24640&peptide_id=2375&scanf=11693&charge=2&value=16/22,P12724_ECP_HUMAN,/core/www/modules//consensus/?run_id=24640&search_id=26160&scans_id=24640&peptide_id=2375&scanf=11693&charge=2&value=P12724_ECP_HUMAN,R.YPVVPVHLDTTI.-,/core/www/modules/show_out/show_out_wrapper.php?run_id=24640&search_id=26160&scans_id=24640&peptide_id=2375&scanf=11693&charge=2&value=R.YPVVPVHLDTTI.-,RNASE3,82704.4,-10000.000,-1.000,0.000,-1.000
11724,2,"   2.15","  4.033","  0.393",19/26,/core/www/modules//sdig/index.php?run_id=24640&search_id=26160&scans_id=24640&peptide_id=2406&scanf=11724&charge=2&value=19/26,SjGST_Schistosoma,/core/www/modules//consensus/?run_id=24640&search_id=26160&scans_id=24640&peptide_id=2406&scanf=11724&charge=2&value=SjGST_Schistosoma,R.AEISM*LEGAVLDIR.Y,/core/www/modules/show_out/show_out_wrapper.php?run_id=24640&search_id=26160&scans_id=24640&peptide_id=2406&scanf=11724&charge=2&value=R.AEISM*LEGAVLDIR.Y,,11417.6,-10000.000,-1.000,0.000,-1.000
12212,3,"   1.87","  3.534","  0.381",26/72,/core/www/modules//sdig/index.php?run_id=24640&search_id=26160&scans_id=24640&peptide_id=2908&scanf=12212&charge=3&value=26/72,Q13885_TBB2A_HUMAN,/core/www/modules//consensus/?run_id=24640&search_id=26160&scans_id=24640&peptide_id=2908&scanf=12212&charge=3&value=Q13885_TBB2A_HUMAN,K.GHYTEGAELVDSVLDVVRK.E,/core/www/modules/show_out/show_out_wrapper.php?run_id=24640&search_id=26160&scans_id=24640&peptide_id=2908&scanf=12212&charge=3&value=K.GHYTEGAELVDSVLDVVRK.E,TUBB2A,18835.0,-10000.000,-1.000,0.000,-1.000
12481,2,"   4.59","  1.723","  0.080",15/28,/core/www/modules//sdig/index.php?run_id=24640&search_id=26160&scans_id=24640&peptide_id=3182&scanf=12481&charge=2&value=15/28,P07437_TBB5_HUMAN,/core/www/modules//consensus/?run_id=24640&search_id=26160&scans_id=24640&peptide_id=3182&scanf=12481&charge=2&value=P07437_TBB5_HUMAN,R.ALTVPELTQQVFDAK.N,/core/www/modules/show_out/show_out_wrapper.php?run_id=24640&search_id=26160&scans_id=24640&peptide_id=3182&scanf=12481&charge=2&value=R.ALTVPELTQQVFDAK.N,TUBB,9640.1,-10000.000,-1.000,0.000,-1.000
12731,2,"   4.52","  2.469","  0.114",14/26,/core/www/modules//sdig/index.php?run_id=24640&search_id=26160&scans_id=24640&peptide_id=3427&scanf=12731&charge=2&value=14/26,Q9NWY4_CD027_HUMAN,/core/www/modules//consensus/?run_id=24640&search_id=26160&scans_id=24640&peptide_id=3427&scanf=12731&charge=2&value=Q9NWY4_CD027_HUMAN,R.IC#KTIVEAASDEER.L,/core/www/modules/show_out/show_out_wrapper.php?run_id=24640&search_id=26160&scans_id=24640&peptide_id=3427&scanf=12731&charge=2&value=R.IC#KTIVEAASDEER.L,C4orf27,30545.7,-10000.000,-1.000,0.000,-1.000
12917,2,"   2.32","  3.780","  0.342",19/28,/core/www/modules//sdig/index.php?run_id=24640&search_id=26160&scans_id=24640&peptide_id=3606&scanf=12917&charge=2&value=19/28,Q71U36_TBA1A_HUMAN,/core/www/modules//consensus/?run_id=24640&search_id=26160&scans_id=24640&peptide_id=3606&scanf=12917&charge=2&value=Q71U36_TBA1A_HUMAN,R.AVFVDLEPTVIDEVR.T,/core/www/modules/show_out/show_out_wrapper.php?run_id=24640&search_id=26160&scans_id=24640&peptide_id=3606&scanf=12917&charge=2&value=R.AVFVDLEPTVIDEVR.T,TUBA1A,2.758e+5,-10000.000,-1.000,0.000,-1.000
13399,2,"   4.40","  1.915","  0.187",10/30,/core/www/modules//sdig/index.php?run_id=24640&search_id=26160&scans_id=24640&peptide_id=4080&scanf=13399&charge=2&value=10/30,P58401_NRX2B_HUMAN,/core/www/modules//consensus/?run_id=24640&search_id=26160&scans_id=24640&peptide_id=4080&scanf=13399&charge=2&value=P58401_NRX2B_HUMAN,K.HGTVPIAINRM*PFLTR.G,/core/www/modules/show_out/show_out_wrapper.php?run_id=24640&search_id=26160&scans_id=24640&peptide_id=4080&scanf=13399&charge=2&value=K.HGTVPIAINRM*PFLTR.G,NRXN2,14088.9,-10000.000,-1.000,0.000,-1.000
2483,3,"   0.81","  2.518","  0.266",15/48,/core/www/modules//sdig/index.php?run_id=24640&search_id=26160&scans_id=24640&peptide_id=9674&scanf=2483&charge=3&value=15/48,P38159_RBMX_HUMAN,/core/www/modules//consensus/?run_id=24640&search_id=26160&scans_id=24640&peptide_id=9674&scanf=2483&charge=3&value=P38159_RBMX_HUMAN,K.VEQATKPSFESGR.R,/core/www/modules/show_out/show_out_wrapper.php?run_id=24640&search_id=26160&scans_id=24640&peptide_id=9674&scanf=2483&charge=3&value=K.VEQATKPSFESGR.R,RBMX,66802.1,-10000.000,-1.000,0.000,-1.000
2499,2,"  -0.08","  1.186","  0.001",7/12,/core/www/modules//sdig/index.php?run_id=24640&search_id=26160&scans_id=24640&peptide_id=9689&scanf=2499&charge=2&value=7/12,P38159_RBMX_HUMAN,/core/www/modules//consensus/?run_id=24640&search_id=26160&scans_id=24640&peptide_id=9689&scanf=2499&charge=2&value=P38159_RBMX_HUMAN,R.GPLPVKR.G,/core/www/modules/show_out/show_out_wrapper.php?run_id=24640&search_id=26160&scans_id=24640&peptide_id=9689&scanf=2499&charge=2&value=R.GPLPVKR.G,RBMX,9023.6,-10000.000,-1.000,0.000,-1.000
2821,2,"   0.74","  2.209","  0.207",14/18,/core/www/modules//sdig/index.php?run_id=24640&search_id=26160&scans_id=24640&peptide_id=9984&scanf=2821&charge=2&value=14/18,P62736_ACTA_HUMAN,/core/www/modules//consensus/?run_id=24640&search_id=26160&scans_id=24640&peptide_id=9984&scanf=2821&charge=2&value=P62736_ACTA_HUMAN,K.AGFAGDDAPR.A,/core/www/modules/show_out/show_out_wrapper.php?run_id=24640&search_id=26160&scans_id=24640&peptide_id=9984&scanf=2821&charge=2&value=K.AGFAGDDAPR.A,ACTA2,84620.6,-10000.000,-1.000,0.000,-1.000
2943,3,"   1.46","  2.554","  0.153",21/56,/core/www/modules//sdig/index.php?run_id=24640&search_id=26160&scans_id=24640&peptide_id=10099&scanf=2943&charge=3&value=21/56,Q15233_NONO_HUMAN,/core/www/modules//consensus/?run_id=24640&search_id=26160&scans_id=24640&peptide_id=10099&scanf=2943&charge=3&value=Q15233_NONO_HUMAN,K.ALIEM*EKQQQDQVDR.N,/core/www/modules/show_out/show_out_wrapper.php?run_id=24640&search_id=26160&scans_id=24640&peptide_id=10099&scanf=2943&charge=3&value=K.ALIEM*EKQQQDQVDR.N,NONO,35000.2,-10000.000,-1.000,0.000,-1.000
2993,2,"   2.48","  2.147","  0.185",10/34,/core/www/modules//sdig/index.php?run_id=24640&search_id=26160&scans_id=24640&peptide_id=10146&scanf=2993&charge=2&value=10/34,Q6UWP8_SBSN_HUMAN,/core/www/modules//consensus/?run_id=24640&search_id=26160&scans_id=24640&peptide_id=10146&scanf=2993&charge=2&value=Q6UWP8_SBSN_HUMAN,K.FGQGVDNAAGQAGNEAGR.F,/core/www/modules/show_out/show_out_wrapper.php?run_id=24640&search_id=26160&scans_id=24640&peptide_id=10146&scanf=2993&charge=2&value=K.FGQGVDNAAGQAGNEAGR.F,SBSN,15157.1,-10000.000,-1.000,0.000,-1.000
3181,2,"   2.82","  1.646","  0.047",11/28,/core/www/modules//sdig/index.php?run_id=24640&search_id=26160&scans_id=24640&peptide_id=10318&scanf=3181&charge=2&value=11/28,Q9Y383_LC7L2_HUMAN,/core/www/modules//consensus/?run_id=24640&search_id=26160&scans_id=24640&peptide_id=10318&scanf=3181&charge=2&value=Q9Y383_LC7L2_HUMAN,K.VEQLGAEGNVEESQK.V,/core/www/modules/show_out/show_out_wrapper.php?run_id=24640&search_id=26160&scans_id=24640&peptide_id=10318&scanf=3181&charge=2&value=K.VEQLGAEGNVEESQK.V,LUC7L2,7701.2,-10000.000,-1.000,0.000,-1.000
3304,2,"   1.93","  2.599","  0.260",14/18,/core/www/modules//sdig/index.php?run_id=24640&search_id=26160&scans_id=24640&peptide_id=10433&scanf=3304&charge=2&value=14/18,P07355_ANXA2_HUMAN,/core/www/modules//consensus/?run_id=24640&search_id=26160&scans_id=24640&peptide_id=10433&scanf=3304&charge=2&value=P07355_ANXA2_HUMAN,R.TNQELQEINR.V,/core/www/modules/show_out/show_out_wrapper.php?run_id=24640&search_id=26160&scans_id=24640&peptide_id=10433&scanf=3304&charge=2&value=R.TNQELQEINR.V,ANXA2,33415.3,-10000.000,-1.000,0.000,-1.000
3314,2,"   1.40","  2.938","  0.434",19/28,/core/www/modules//sdig/index.php?run_id=24640&search_id=26160&scans_id=24640&peptide_id=10442&scanf=3314&charge=2&value=19/28,P23246_SFPQ_HUMAN,/core/www/modules//consensus/?run_id=24640&search_id=26160&scans_id=24640&peptide_id=10442&scanf=3314&charge=2&value=P23246_SFPQ_HUMAN,R.FGQGGAGPVGGQGPR.G,/core/www/modules/show_out/show_out_wrapper.php?run_id=24640&search_id=26160&scans_id=24640&peptide_id=10442&scanf=3314&charge=2&value=R.FGQGGAGPVGGQGPR.G,SFPQ,22772.9,-10000.000,-1.000,0.000,-1.000
3348,3,"   0.53","  2.569","  0.074",20/60,/core/www/modules//sdig/index.php?run_id=24640&search_id=26160&scans_id=24640&peptide_id=10474&scanf=3348&charge=3&value=20/60,P31943_HNRH1_HUMAN,/core/www/modules//consensus/?run_id=24640&search_id=26160&scans_id=24640&peptide_id=10474&scanf=3348&charge=3&value=P31943_HNRH1_HUMAN,K.HTGPNSPDTANDGFVR.L,/core/www/modules/show_out/show_out_wrapper.php?run_id=24640&search_id=26160&scans_id=24640&peptide_id=10474&scanf=3348&charge=3&value=K.HTGPNSPDTANDGFVR.L,HNRNPH1,1.029e+5,-10000.000,-1.000,0.000,-1.000
3362,2,"   2.71","  2.450","  0.473",11/30,/core/www/modules//sdig/index.php?run_id=24640&search_id=26160&scans_id=24640&peptide_id=10488&scanf=3362&charge=2&value=11/30,P31943_HNRH1_HUMAN,/core/www/modules//consensus/?run_id=24640&search_id=26160&scans_id=24640&peptide_id=10488&scanf=3362&charge=2&value=P31943_HNRH1_HUMAN,K.HTGPNSPDTANDGFVR.L,/core/www/modules/show_out/show_out_wrapper.php?run_id=24640&search_id=26160&scans_id=24640&peptide_id=10488&scanf=3362&charge=2&value=K.HTGPNSPDTANDGFVR.L,HNRNPH1,9406.9,-10000.000,-1.000,0.000,-1.000
3487,2,"   3.44","  1.619","  0.164",8/22,/core/www/modules//sdig/index.php?run_id=24640&search_id=26160&scans_id=24640&peptide_id=10604&scanf=3487&charge=2&value=8/22,P38159_RBMX_HUMAN,/core/www/modules//consensus/?run_id=24640&search_id=26160&scans_id=24640&peptide_id=10604&scanf=3487&charge=2&value=P38159_RBMX_HUMAN,R.DYAPPPRDYTYR.D,/core/www/modules/show_out/show_out_wrapper.php?run_id=24640&search_id=26160&scans_id=24640&peptide_id=10604&scanf=3487&charge=2&value=R.DYAPPPRDYTYR.D,RBMX,16283.6,-10000.000,-1.000,0.000,-1.000
3572,3,"   1.21","  2.862","  0.461",26/60,/core/www/modules//sdig/index.php?run_id=24640&search_id=26160&scans_id=24640&peptide_id=10683&scanf=3572&charge=3&value=26/60,P38159_RBMX_HUMAN,/core/www/modules//consensus/?run_id=24640&search_id=26160&scans_id=24640&peptide_id=10683&scanf=3572&charge=3&value=P38159_RBMX_HUMAN,K.AIKVEQATKPSFESGR.R,/core/www/modules/show_out/show_out_wrapper.php?run_id=24640&search_id=26160&scans_id=24640&peptide_id=10683&scanf=3572&charge=3&value=K.AIKVEQATKPSFESGR.R,RBMX,1.241e+5,-10000.000,-1.000,0.000,-1.000
3702,2,"   2.81","  2.906","  0.376",15/24,/core/www/modules//sdig/index.php?run_id=24640&search_id=26160&scans_id=24640&peptide_id=10806&scanf=3702&charge=2&value=15/24,P04040_CATA_HUMAN,/core/www/modules//consensus/?run_id=24640&search_id=26160&scans_id=24640&peptide_id=10806&scanf=3702&charge=2&value=P04040_CATA_HUMAN,R.FNTANDDNVTQVR.A,/core/www/modules/show_out/show_out_wrapper.php?run_id=24640&search_id=26160&scans_id=24640&peptide_id=10806&scanf=3702&charge=2&value=R.FNTANDDNVTQVR.A,CAT,16757.0,-10000.000,-1.000,0.000,-1.000
3858,2,"   1.17","  1.671","  0.092",10/16,/core/www/modules//sdig/index.php?run_id=24640&search_id=26160&scans_id=24640&peptide_id=10952&scanf=3858&charge=2&value=10/16,P62987_RL40_HUMAN,/core/www/modules//consensus/?run_id=24640&search_id=26160&scans_id=24640&peptide_id=10952&scanf=3858&charge=2&value=P62987_RL40_HUMAN,R.TLSDYNIQK.E,/core/www/modules/show_out/show_out_wrapper.php?run_id=24640&search_id=26160&scans_id=24640&peptide_id=10952&scanf=3858&charge=2&value=R.TLSDYNIQK.E,UBA52,33391.7,-10000.000,-1.000,0.000,-1.000
3936,2,"   2.47","  1.819","  0.232",12/20,/core/www/modules//sdig/index.php?run_id=24640&search_id=26160&scans_id=24640&peptide_id=11026&scanf=3936&charge=2&value=12/20,Q9Y383_LC7L2_HUMAN,/core/www/modules//consensus/?run_id=24640&search_id=26160&scans_id=24640&peptide_id=11026&scanf=3936&charge=2&value=Q9Y383_LC7L2_HUMAN,R.AM*LDQLM*GTSR.D,/core/www/modules/show_out/show_out_wrapper.php?run_id=24640&search_id=26160&scans_id=24640&peptide_id=11026&scanf=3936&charge=2&value=R.AM*LDQLM*GTSR.D,LUC7L2,26809.2,-10000.000,-1.000,0.000,-1.000
4555,2,"   0.76","  2.005","  0.501",13/20,/core/www/modules//sdig/index.php?run_id=24640&search_id=26160&scans_id=24640&peptide_id=11612&scanf=4555&charge=2&value=13/20,P00367_DHE3_HUMAN,/core/www/modules//consensus/?run_id=24640&search_id=26160&scans_id=24640&peptide_id=11612&scanf=4555&charge=2&value=P00367_DHE3_HUMAN,R.YSTDVSVDEVK.A,/core/www/modules/show_out/show_out_wrapper.php?run_id=24640&search_id=26160&scans_id=24640&peptide_id=11612&scanf=4555&charge=2&value=R.YSTDVSVDEVK.A,GLUD1,35676.2,-10000.000,-1.000,0.000,-1.000
4581,2,"   2.45","  2.797","  0.437",15/32,/core/www/modules//sdig/index.php?run_id=24640&search_id=26160&scans_id=24640&peptide_id=11637&scanf=4581&charge=2&value=15/32,P61978_HNRPK_HUMAN,/core/www/modules//consensus/?run_id=24640&search_id=26160&scans_id=24640&peptide_id=11637&scanf=4581&charge=2&value=P61978_HNRPK_HUMAN,R.TDYNASVSVPDSSGPER.I,/core/www/modules/show_out/show_out_wrapper.php?run_id=24640&search_id=26160&scans_id=24640&peptide_id=11637&scanf=4581&charge=2&value=R.TDYNASVSVPDSSGPER.I,HNRNPK,20628.3,-10000.000,-1.000,0.000,-1.000
4594,2,"   0.79","  1.472","  0.189",10/12,/core/www/modules//sdig/index.php?run_id=24640&search_id=26160&scans_id=24640&peptide_id=11649&scanf=4594&charge=2&value=10/12,P38159_RBMX_HUMAN,/core/www/modules//consensus/?run_id=24640&search_id=26160&scans_id=24640&peptide_id=11649&scanf=4594&charge=2&value=P38159_RBMX_HUMAN,R.DVYLSPR.D,/core/www/modules/show_out/show_out_wrapper.php?run_id=24640&search_id=26160&scans_id=24640&peptide_id=11649&scanf=4594&charge=2&value=R.DVYLSPR.D,RBMX,38999.4,-10000.000,-1.000,0.000,-1.000
4605,2,"   2.45","  1.606","  0.076",10/32,/core/www/modules//sdig/index.php?run_id=24640&search_id=26160&scans_id=24640&peptide_id=11660&scanf=4605&charge=2&value=10/32,P61978_HNRPK_HUMAN,/core/www/modules//consensus/?run_id=24640&search_id=26160&scans_id=24640&peptide_id=11660&scanf=4605&charge=2&value=P61978_HNRPK_HUMAN,R.TDYNASVSVPDSSGPER.I,/core/www/modules/show_out/show_out_wrapper.php?run_id=24640&search_id=26160&scans_id=24640&peptide_id=11660&scanf=4605&charge=2&value=R.TDYNASVSVPDSSGPER.I,HNRNPK,20628.3,-10000.000,-1.000,0.000,-1.000
4761,2,"   0.47","  2.243","  0.292",12/14,/core/www/modules//sdig/index.php?run_id=24640&search_id=26160&scans_id=24640&peptide_id=11808&scanf=4761&charge=2&value=12/14,Q15233_NONO_HUMAN,/core/www/modules//consensus/?run_id=24640&search_id=26160&scans_id=24640&peptide_id=11808&scanf=4761&charge=2&value=Q15233_NONO_HUMAN,R.AVVIVDDR.G,/core/www/modules/show_out/show_out_wrapper.php?run_id=24640&search_id=26160&scans_id=24640&peptide_id=11808&scanf=4761&charge=2&value=R.AVVIVDDR.G,NONO,1.257e+5,-10000.000,-1.000,0.000,-1.000
4809,2,"   2.10","  2.485","  0.484",12/22,/core/www/modules//sdig/index.php?run_id=24640&search_id=26160&scans_id=24640&peptide_id=11854&scanf=4809&charge=2&value=12/22,P07437_TBB5_HUMAN,/core/www/modules//consensus/?run_id=24640&search_id=26160&scans_id=24640&peptide_id=11854&scanf=4809&charge=2&value=P07437_TBB5_HUMAN,R.ISVYYNEATGGK.Y,/core/www/modules/show_out/show_out_wrapper.php?run_id=24640&search_id=26160&scans_id=24640&peptide_id=11854&scanf=4809&charge=2&value=R.ISVYYNEATGGK.Y,TUBB,56189.5,-10000.000,-1.000,0.000,-1.000
4836,2,"   2.36","  2.385","  0.203",14/28,/core/www/modules//sdig/index.php?run_id=24640&search_id=26160&scans_id=24640&peptide_id=11880&scanf=4836&charge=2&value=14/28,P22626_ROA2_HUMAN,/core/www/modules//consensus/?run_id=24640&search_id=26160&scans_id=24640&peptide_id=11880&scanf=4836&charge=2&value=P22626_ROA2_HUMAN,R.GGGGNFGPGPGSNFR.G,/core/www/modules/show_out/show_out_wrapper.php?run_id=24640&search_id=26160&scans_id=24640&peptide_id=11880&scanf=4836&charge=2&value=R.GGGGNFGPGPGSNFR.G,HNRNPA2B1,30419.8,-10000.000,-1.000,0.000,-1.000
4857,2,"   2.36","  1.715","  0.103",11/28,/core/www/modules//sdig/index.php?run_id=24640&search_id=26160&scans_id=24640&peptide_id=11900&scanf=4857&charge=2&value=11/28,P22626_ROA2_HUMAN,/core/www/modules//consensus/?run_id=24640&search_id=26160&scans_id=24640&peptide_id=11900&scanf=4857&charge=2&value=P22626_ROA2_HUMAN,R.GGGGNFGPGPGSNFR.G,/core/www/modules/show_out/show_out_wrapper.php?run_id=24640&search_id=26160&scans_id=24640&peptide_id=11900&scanf=4857&charge=2&value=R.GGGGNFGPGPGSNFR.G,HNRNPA2B1,30419.8,-10000.000,-1.000,0.000,-1.000
4933,2,"   0.94","  2.564","  0.394",14/18,/core/www/modules//sdig/index.php?run_id=24640&search_id=26160&scans_id=24640&peptide_id=11972&scanf=4933&charge=2&value=14/18,P31943_HNRH1_HUMAN,/core/www/modules//consensus/?run_id=24640&search_id=26160&scans_id=24640&peptide_id=11972&scanf=4933&charge=2&value=P31943_HNRH1_HUMAN,R.VHIEIGPDGR.V,/core/www/modules/show_out/show_out_wrapper.php?run_id=24640&search_id=26160&scans_id=24640&peptide_id=11972&scanf=4933&charge=2&value=R.VHIEIGPDGR.V,HNRNPH1,46553.3,-10000.000,-1.000,0.000,-1.000
4961,2,"   0.62","  1.920","  0.204",13/18,/core/www/modules//sdig/index.php?run_id=24640&search_id=26160&scans_id=24640&peptide_id=11999&scanf=4961&charge=2&value=13/18,P22626_ROA2_HUMAN,/core/www/modules//consensus/?run_id=24640&search_id=26160&scans_id=24640&peptide_id=11999&scanf=4961&charge=2&value=P22626_ROA2_HUMAN,R.GGNFGFGDSR.G,/core/www/modules/show_out/show_out_wrapper.php?run_id=24640&search_id=26160&scans_id=24640&peptide_id=11999&scanf=4961&charge=2&value=R.GGNFGFGDSR.G,HNRNPA2B1,38724.7,-10000.000,-1.000,0.000,-1.000
5144,2,"   0.87","  2.349","  0.274",11/16,/core/www/modules//sdig/index.php?run_id=24640&search_id=26160&scans_id=24640&peptide_id=12171&scanf=5144&charge=2&value=11/16,Q15233_NONO_HUMAN,/core/www/modules//consensus/?run_id=24640&search_id=26160&scans_id=24640&peptide_id=12171&scanf=5144&charge=2&value=Q15233_NONO_HUMAN,K.VELDNM*PLR.G,/core/www/modules/show_out/show_out_wrapper.php?run_id=24640&search_id=26160&scans_id=24640&peptide_id=12171&scanf=5144&charge=2&value=K.VELDNM*PLR.G,NONO,35289.1,-10000.000,-1.000,0.000,-1.000
5162,2,"   1.22","  2.238","  0.150",11/20,/core/www/modules//sdig/index.php?run_id=24640&search_id=26160&scans_id=24640&peptide_id=12188&scanf=5162&charge=2&value=11/20,P62736_ACTA_HUMAN,/core/www/modules//consensus/?run_id=24640&search_id=26160&scans_id=24640&peptide_id=12188&scanf=5162&charge=2&value=P62736_ACTA_HUMAN,K.EITALAPSTM*K.I,/core/www/modules/show_out/show_out_wrapper.php?run_id=24640&search_id=26160&scans_id=24640&peptide_id=12188&scanf=5162&charge=2&value=K.EITALAPSTM*K.I,ACTA2,46299.2,-10000.000,-1.000,0.000,-1.000
5168,2,"   0.87","  2.151","  0.421",13/22,/core/www/modules//sdig/index.php?run_id=24640&search_id=26160&scans_id=24640&peptide_id=12194&scanf=5168&charge=2&value=13/22,P06576_ATPB_HUMAN,/core/www/modules//consensus/?run_id=24640&search_id=26160&scans_id=24640&peptide_id=12194&scanf=5168&charge=2&value=P06576_ATPB_HUMAN,R.TIAM*DGTEGLVR.G,/core/www/modules/show_out/show_out_wrapper.php?run_id=24640&search_id=26160&scans_id=24640&peptide_id=12194&scanf=5168&charge=2&value=R.TIAM*DGTEGLVR.G,ATP5B,15860.3,-10000.000,-1.000,0.000,-1.000
5562,2,"   2.29","  2.887","  0.434",16/26,/core/www/modules//sdig/index.php?run_id=24640&search_id=26160&scans_id=24640&peptide_id=12565&scanf=5562&charge=2&value=16/26,KAC4_RABIT,/core/www/modules//consensus/?run_id=24640&search_id=26160&scans_id=24640&peptide_id=12565&scanf=5562&charge=2&value=KAC4_RABIT,K.VTQGTTSVVQSFNR.G,/core/www/modules/show_out/show_out_wrapper.php?run_id=24640&search_id=26160&scans_id=24640&peptide_id=12565&scanf=5562&charge=2&value=K.VTQGTTSVVQSFNR.G,,35413.4,-10000.000,-1.000,0.000,-1.000
5691,3,"   1.51","  2.142","  0.099",15/60,/core/www/modules//sdig/index.php?run_id=24640&search_id=26160&scans_id=24640&peptide_id=12687&scanf=5691&charge=3&value=15/60,P06576_ATPB_HUMAN,/core/www/modules//consensus/?run_id=24640&search_id=26160&scans_id=24640&peptide_id=12687&scanf=5691&charge=3&value=P06576_ATPB_HUMAN,R.IM*DPNIVGSEHYDVAR.G,/core/www/modules/show_out/show_out_wrapper.php?run_id=24640&search_id=26160&scans_id=24640&peptide_id=12687&scanf=5691&charge=3&value=R.IM*DPNIVGSEHYDVAR.G,ATP5B,20914.9,-10000.000,-1.000,0.000,-1.000
5948,2,"   1.64","  1.944","  0.137",11/16,/core/www/modules//sdig/index.php?run_id=24640&search_id=26160&scans_id=24640&peptide_id=12929&scanf=5948&charge=2&value=11/16,P07355_ANXA2_HUMAN,/core/www/modules//consensus/?run_id=24640&search_id=26160&scans_id=24640&peptide_id=12929&scanf=5948&charge=2&value=P07355_ANXA2_HUMAN,R.QDIAFAYQR.R,/core/www/modules/show_out/show_out_wrapper.php?run_id=24640&search_id=26160&scans_id=24640&peptide_id=12929&scanf=5948&charge=2&value=R.QDIAFAYQR.R,ANXA2,23049.4,-10000.000,-1.000,0.000,-1.000
6193,3,"   1.14","  2.425","  0.164",19/52,/core/www/modules//sdig/index.php?run_id=24640&search_id=26160&scans_id=24640&peptide_id=13159&scanf=6193&charge=3&value=19/52,Q71U36_TBA1A_HUMAN,/core/www/modules//consensus/?run_id=24640&search_id=26160&scans_id=24640&peptide_id=13159&scanf=6193&charge=3&value=Q71U36_TBA1A_HUMAN,R.NLDIERPTYTNLNR.L,/core/www/modules/show_out/show_out_wrapper.php?run_id=24640&search_id=26160&scans_id=24640&peptide_id=13159&scanf=6193&charge=3&value=R.NLDIERPTYTNLNR.L,TUBA1A,86561.3,-10000.000,-1.000,0.000,-1.000
6671,2,"   1.84","  2.456","  0.384",15/20,/core/www/modules//sdig/index.php?run_id=24640&search_id=26160&scans_id=24640&peptide_id=13611&scanf=6671&charge=2&value=15/20,P68104_EF1A1_HUMAN,/core/www/modules//consensus/?run_id=24640&search_id=26160&scans_id=24640&peptide_id=13611&scanf=6671&charge=2&value=P68104_EF1A1_HUMAN,K.IGGIGTVPVGR.V,/core/www/modules/show_out/show_out_wrapper.php?run_id=24640&search_id=26160&scans_id=24640&peptide_id=13611&scanf=6671&charge=2&value=K.IGGIGTVPVGR.V,EEF1A1,2.324e+5,-10000.000,-1.000,0.000,-1.000
6851,2,"   0.93","  2.692","  0.313",13/18,/core/www/modules//sdig/index.php?run_id=24640&search_id=26160&scans_id=24640&peptide_id=13782&scanf=6851&charge=2&value=13/18,P62805_H4_HUMAN,/core/www/modules//consensus/?run_id=24640&search_id=26160&scans_id=24640&peptide_id=13782&scanf=6851&charge=2&value=P62805_H4_HUMAN,R.ISGLIYEETR.G,/core/www/modules/show_out/show_out_wrapper.php?run_id=24640&search_id=26160&scans_id=24640&peptide_id=13782&scanf=6851&charge=2&value=R.ISGLIYEETR.G,HIST1H4A,23711.4,-10000.000,-1.000,0.000,-1.000
7047,2,"   0.03","  1.885","  0.171",7/12,/core/www/modules//sdig/index.php?run_id=24640&search_id=26160&scans_id=24640&peptide_id=13969&scanf=7047&charge=2&value=7/12,Q86TJ2_TAD2B_HUMAN,/core/www/modules//consensus/?run_id=24640&search_id=26160&scans_id=24640&peptide_id=13969&scanf=7047&charge=2&value=Q86TJ2_TAD2B_HUMAN,R.LPSYLDK.V,/core/www/modules/show_out/show_out_wrapper.php?run_id=24640&search_id=26160&scans_id=24640&peptide_id=13969&scanf=7047&charge=2&value=R.LPSYLDK.V,TADA2B,35441.7,-10000.000,-1.000,0.000,-1.000
7107,2,"   2.53","  2.385","  0.329",14/26,/core/www/modules//sdig/index.php?run_id=24640&search_id=26160&scans_id=24640&peptide_id=14026&scanf=7107&charge=2&value=14/26,Q15233_NONO_HUMAN,/core/www/modules//consensus/?run_id=24640&search_id=26160&scans_id=24640&peptide_id=14026&scanf=7107&charge=2&value=Q15233_NONO_HUMAN,R.FAQPGSFEYEYAM*R.W,/core/www/modules/show_out/show_out_wrapper.php?run_id=24640&search_id=26160&scans_id=24640&peptide_id=14026&scanf=7107&charge=2&value=R.FAQPGSFEYEYAM*R.W,NONO,54114.8,-10000.000,-1.000,0.000,-1.000
7226,2,"   2.00","  2.067","  0.105",10/12,/core/www/modules//sdig/index.php?run_id=24640&search_id=26160&scans_id=24640&peptide_id=14140&scanf=7226&charge=2&value=10/12,Q13838_DX39B_HUMAN,/core/www/modules//consensus/?run_id=24640&search_id=26160&scans_id=24640&peptide_id=14140&scanf=7226&charge=2&value=Q13838_DX39B_HUMAN,R.DVQEIFR.M,/core/www/modules/show_out/show_out_wrapper.php?run_id=24640&search_id=26160&scans_id=24640&peptide_id=14140&scanf=7226&charge=2&value=R.DVQEIFR.M,DDX39B,29386.8,-10000.000,-1.000,0.000,-1.000
7257,2,"   2.00","  1.893","  0.166",7/12,/core/www/modules//sdig/index.php?run_id=24640&search_id=26160&scans_id=24640&peptide_id=14168&scanf=7257&charge=2&value=7/12,Q13838_DX39B_HUMAN,/core/www/modules//consensus/?run_id=24640&search_id=26160&scans_id=24640&peptide_id=14168&scanf=7257&charge=2&value=Q13838_DX39B_HUMAN,R.DVQEIFR.M,/core/www/modules/show_out/show_out_wrapper.php?run_id=24640&search_id=26160&scans_id=24640&peptide_id=14168&scanf=7257&charge=2&value=R.DVQEIFR.M,DDX39B,29386.8,-10000.000,-1.000,0.000,-1.000
7264,2,"   1.44","  3.358","  0.399",14/18,/core/www/modules//sdig/index.php?run_id=24640&search_id=26160&scans_id=24640&peptide_id=14174&scanf=7264&charge=2&value=14/18,Q13885_TBB2A_HUMAN,/core/www/modules//consensus/?run_id=24640&search_id=26160&scans_id=24640&peptide_id=14174&scanf=7264&charge=2&value=Q13885_TBB2A_HUMAN,R.ISEQFTAM*FR.R,/core/www/modules/show_out/show_out_wrapper.php?run_id=24640&search_id=26160&scans_id=24640&peptide_id=14174&scanf=7264&charge=2&value=R.ISEQFTAM*FR.R,TUBB2A,61811.8,-10000.000,-1.000,0.000,-1.000
7378,2,"   1.16","  2.436","  0.202",15/18,/core/www/modules//sdig/index.php?run_id=24640&search_id=26160&scans_id=24640&peptide_id=14282&scanf=7378&charge=2&value=15/18,P62318_SMD3_HUMAN,/core/www/modules//consensus/?run_id=24640&search_id=26160&scans_id=24640&peptide_id=14282&scanf=7378&charge=2&value=P62318_SMD3_HUMAN,R.VAQLEQVYIR.G,/core/www/modules/show_out/show_out_wrapper.php?run_id=24640&search_id=26160&scans_id=24640&peptide_id=14282&scanf=7378&charge=2&value=R.VAQLEQVYIR.G,SNRPD3,24863.2,-10000.000,-1.000,0.000,-1.000
7575,2,"   2.94","  2.812","  0.481",17/28,/core/www/modules//sdig/index.php?run_id=24640&search_id=26160&scans_id=24640&peptide_id=14468&scanf=7575&charge=2&value=17/28,P25705_ATPA_HUMAN,/core/www/modules//consensus/?run_id=24640&search_id=26160&scans_id=24640&peptide_id=14468&scanf=7575&charge=2&value=P25705_ATPA_HUMAN,R.ILGADTSVDLEETGR.V,/core/www/modules/show_out/show_out_wrapper.php?run_id=24640&search_id=26160&scans_id=24640&peptide_id=14468&scanf=7575&charge=2&value=R.ILGADTSVDLEETGR.V,ATP5A1,41855.6,-10000.000,-1.000,0.000,-1.000
7639,2,"   0.84","  1.787","  0.220",8/14,/core/www/modules//sdig/index.php?run_id=24640&search_id=26160&scans_id=24640&peptide_id=14527&scanf=7639&charge=2&value=8/14,P62736_ACTA_HUMAN,/core/www/modules//consensus/?run_id=24640&search_id=26160&scans_id=24640&peptide_id=14527&scanf=7639&charge=2&value=P62736_ACTA_HUMAN,R.DLTDYLM*K.I,/core/www/modules/show_out/show_out_wrapper.php?run_id=24640&search_id=26160&scans_id=24640&peptide_id=14527&scanf=7639&charge=2&value=R.DLTDYLM*K.I,ACTA2,16930.1,-10000.000,-1.000,0.000,-1.000
7703,2,"   0.95","  2.196","  0.130",14/36,/core/www/modules//sdig/index.php?run_id=24640&search_id=26160&scans_id=24640&peptide_id=14587&scanf=7703&charge=2&value=14/36,Q92959_SO2A1_HUMAN,/core/www/modules//consensus/?run_id=24640&search_id=26160&scans_id=24640&peptide_id=14587&scanf=7703&charge=2&value=Q92959_SO2A1_HUMAN,K.LGASQGSDTSTSRAGRC#AR.S,/core/www/modules/show_out/show_out_wrapper.php?run_id=24640&search_id=26160&scans_id=24640&peptide_id=14587&scanf=7703&charge=2&value=K.LGASQGSDTSTSRAGRC#AR.S,SLCO2A1,11556.4,-10000.000,-1.000,0.000,-1.000
7789,2,"   1.12","  2.540","  0.339",13/20,/core/www/modules//sdig/index.php?run_id=24640&search_id=26160&scans_id=24640&peptide_id=14668&scanf=7789&charge=2&value=13/20,Q06830_PRDX1_HUMAN,/core/www/modules//consensus/?run_id=24640&search_id=26160&scans_id=24640&peptide_id=14668&scanf=7789&charge=2&value=Q06830_PRDX1_HUMAN,R.QITVNDLPVGR.S,/core/www/modules/show_out/show_out_wrapper.php?run_id=24640&search_id=26160&scans_id=24640&peptide_id=14668&scanf=7789&charge=2&value=R.QITVNDLPVGR.S,PRDX1,52949.9,-10000.000,-1.000,0.000,-1.000
7839,2,"   0.52","  1.969","  0.177",10/12,/core/www/modules//sdig/index.php?run_id=24640&search_id=26160&scans_id=24640&peptide_id=14716&scanf=7839&charge=2&value=10/12,Q86TJ2_TAD2B_HUMAN,/core/www/modules//consensus/?run_id=24640&search_id=26160&scans_id=24640&peptide_id=14716&scanf=7839&charge=2&value=Q86TJ2_TAD2B_HUMAN,R.LPSYLDK.V,/core/www/modules/show_out/show_out_wrapper.php?run_id=24640&search_id=26160&scans_id=24640&peptide_id=14716&scanf=7839&charge=2&value=R.LPSYLDK.V,TADA2B,19110.0,-10000.000,-1.000,0.000,-1.000
7858,4,"   1.10","  3.940","  0.277",33/120,/core/www/modules//sdig/index.php?run_id=24640&search_id=26160&scans_id=24640&peptide_id=14734&scanf=7858&charge=4&value=33/120,Q71U36_TBA1A_HUMAN,/core/www/modules//consensus/?run_id=24640&search_id=26160&scans_id=24640&peptide_id=14734&scanf=7858&charge=4&value=Q71U36_TBA1A_HUMAN,R.QLFHPEQLITGKEDAANNYAR.G,/core/www/modules/show_out/show_out_wrapper.php?run_id=24640&search_id=26160&scans_id=24640&peptide_id=14734&scanf=7858&charge=4&value=R.QLFHPEQLITGKEDAANNYAR.G,TUBA1A,83817.9,-10000.000,-1.000,0.000,-1.000
7863,3,"   2.30","  2.619","  0.190",25/80,/core/www/modules//sdig/index.php?run_id=24640&search_id=26160&scans_id=24640&peptide_id=14739&scanf=7863&charge=3&value=25/80,Q71U36_TBA1A_HUMAN,/core/www/modules//consensus/?run_id=24640&search_id=26160&scans_id=24640&peptide_id=14739&scanf=7863&charge=3&value=Q71U36_TBA1A_HUMAN,R.QLFHPEQLITGKEDAANNYAR.G,/core/www/modules/show_out/show_out_wrapper.php?run_id=24640&search_id=26160&scans_id=24640&peptide_id=14739&scanf=7863&charge=3&value=R.QLFHPEQLITGKEDAANNYAR.G,TUBA1A,53209.3,-10000.000,-1.000,0.000,-1.000
7916,2,"   0.99","  3.351","  0.413",17/22,/core/www/modules//sdig/index.php?run_id=24640&search_id=26160&scans_id=24640&peptide_id=14790&scanf=7916&charge=2&value=17/22,Q13509_TBB3_HUMAN,/core/www/modules//consensus/?run_id=24640&search_id=26160&scans_id=24640&peptide_id=14790&scanf=7916&charge=2&value=Q13509_TBB3_HUMAN,R.IM*NTFSVVPSPK.V,/core/www/modules/show_out/show_out_wrapper.php?run_id=24640&search_id=26160&scans_id=24640&peptide_id=14790&scanf=7916&charge=2&value=R.IM*NTFSVVPSPK.V,TUBB3,38486.6,-10000.000,-1.000,0.000,-1.000
8043,2,"   2.39","  2.299","  0.195",13/20,/core/www/modules//sdig/index.php?run_id=24640&search_id=26160&scans_id=24640&peptide_id=14909&scanf=8043&charge=2&value=13/20,P31943_HNRH1_HUMAN,/core/www/modules//consensus/?run_id=24640&search_id=26160&scans_id=24640&peptide_id=14909&scanf=8043&charge=2&value=P31943_HNRH1_HUMAN,K.SNNVEM*DWVLK.H,/core/www/modules/show_out/show_out_wrapper.php?run_id=24640&search_id=26160&scans_id=24640&peptide_id=14909&scanf=8043&charge=2&value=K.SNNVEM*DWVLK.H,HNRNPH1,11120.7,-10000.000,-1.000,0.000,-1.000
8110,3,"   2.07","  3.966","  0.391",30/68,/core/www/modules//sdig/index.php?run_id=24640&search_id=26160&scans_id=24640&peptide_id=14972&scanf=8110&charge=3&value=30/68,O96019_ACL6A_HUMAN,/core/www/modules//consensus/?run_id=24640&search_id=26160&scans_id=24640&peptide_id=14972&scanf=8110&charge=3&value=O96019_ACL6A_HUMAN,K.SEASLHPVLM*SEAPWNTR.A,/core/www/modules/show_out/show_out_wrapper.php?run_id=24640&search_id=26160&scans_id=24640&peptide_id=14972&scanf=8110&charge=3&value=K.SEASLHPVLM*SEAPWNTR.A,ACTL6A,22337.7,-10000.000,-1.000,0.000,-1.000
8212,2,"   0.91","  2.526","  0.290",12/16,/core/www/modules//sdig/index.php?run_id=24640&search_id=26160&scans_id=24640&peptide_id=15069&scanf=8212&charge=2&value=12/16,Q96QV6_H2A1A_HUMAN,/core/www/modules//consensus/?run_id=24640&search_id=26160&scans_id=24640&peptide_id=15069&scanf=8212&charge=2&value=Q96QV6_H2A1A_HUMAN,R.AGLQFPVGR.I,/core/www/modules/show_out/show_out_wrapper.php?run_id=24640&search_id=26160&scans_id=24640&peptide_id=15069&scanf=8212&charge=2&value=R.AGLQFPVGR.I,HIST1H2AA,30429.3,-10000.000,-1.000,0.000,-1.000
8222,2,"   2.16","  2.817","  0.257",17/26,/core/www/modules//sdig/index.php?run_id=24640&search_id=26160&scans_id=24640&peptide_id=15079&scanf=8222&charge=2&value=17/26,Q14103_HNRPD_HUMAN,/core/www/modules//consensus/?run_id=24640&search_id=26160&scans_id=24640&peptide_id=15079&scanf=8222&charge=2&value=Q14103_HNRPD_HUMAN,K.IFVGGLSPDTPEEK.I,/core/www/modules/show_out/show_out_wrapper.php?run_id=24640&search_id=26160&scans_id=24640&peptide_id=15079&scanf=8222&charge=2&value=K.IFVGGLSPDTPEEK.I,HNRNPD,14687.1,-10000.000,-1.000,0.000,-1.000
8313,2,"   1.59","  1.527","  0.089",9/20,/core/www/modules//sdig/index.php?run_id=24640&search_id=26160&scans_id=24640&peptide_id=15163&scanf=8313&charge=2&value=9/20,P61978_HNRPK_HUMAN,/core/www/modules//consensus/?run_id=24640&search_id=26160&scans_id=24640&peptide_id=15163&scanf=8313&charge=2&value=P61978_HNRPK_HUMAN,R.NLPLPPPPPPR.G,/core/www/modules/show_out/show_out_wrapper.php?run_id=24640&search_id=26160&scans_id=24640&peptide_id=15163&scanf=8313&charge=2&value=R.NLPLPPPPPPR.G,HNRNPK,8748.7,-10000.000,-1.000,0.000,-1.000
8489,2,"   1.13","  2.106","  0.300",13/18,/core/www/modules//sdig/index.php?run_id=24640&search_id=26160&scans_id=24640&peptide_id=15329&scanf=8489&charge=2&value=13/18,P25705_ATPA_HUMAN,/core/www/modules//consensus/?run_id=24640&search_id=26160&scans_id=24640&peptide_id=15329&scanf=8489&charge=2&value=P25705_ATPA_HUMAN,K.AVDSLVPIGR.G,/core/www/modules/show_out/show_out_wrapper.php?run_id=24640&search_id=26160&scans_id=24640&peptide_id=15329&scanf=8489&charge=2&value=K.AVDSLVPIGR.G,ATP5A1,24346.8,-10000.000,-1.000,0.000,-1.000
8709,3,"  -0.24","  2.601","  0.104",21/52,/core/www/modules//sdig/index.php?run_id=24640&search_id=26160&scans_id=24640&peptide_id=15538&scanf=8709&charge=3&value=21/52,P00367_DHE3_HUMAN,/core/www/modules//consensus/?run_id=24640&search_id=26160&scans_id=24640&peptide_id=15538&scanf=8709&charge=3&value=P00367_DHE3_HUMAN,R.GASIVEDKLVEDLR.T,/core/www/modules/show_out/show_out_wrapper.php?run_id=24640&search_id=26160&scans_id=24640&peptide_id=15538&scanf=8709&charge=3&value=R.GASIVEDKLVEDLR.T,GLUD1,12502.3,-10000.000,-1.000,0.000,-1.000
8728,2,"   1.77","  3.315","  0.209",17/24,/core/www/modules//sdig/index.php?run_id=24640&search_id=26160&scans_id=24640&peptide_id=15556&scanf=8728&charge=2&value=17/24,P38159_RBMX_HUMAN,/core/www/modules//consensus/?run_id=24640&search_id=26160&scans_id=24640&peptide_id=15556&scanf=8728&charge=2&value=P38159_RBMX_HUMAN,K.LFIGGLNTETNEK.A,/core/www/modules/show_out/show_out_wrapper.php?run_id=24640&search_id=26160&scans_id=24640&peptide_id=15556&scanf=8728&charge=2&value=K.LFIGGLNTETNEK.A,RBMX,25071.0,-10000.000,-1.000,0.000,-1.000
8733,2,"   1.04","  2.554","  0.323",15/22,/core/www/modules//sdig/index.php?run_id=24640&search_id=26160&scans_id=24640&peptide_id=15561&scanf=8733&charge=2&value=15/22,P00367_DHE3_HUMAN,/core/www/modules//consensus/?run_id=24640&search_id=26160&scans_id=24640&peptide_id=15561&scanf=8733&charge=2&value=P00367_DHE3_HUMAN,R.DDGSWEVIEGYR.A,/core/www/modules/show_out/show_out_wrapper.php?run_id=24640&search_id=26160&scans_id=24640&peptide_id=15561&scanf=8733&charge=2&value=R.DDGSWEVIEGYR.A,GLUD1,19945.6,-10000.000,-1.000,0.000,-1.000
8881,2,"   0.40","  2.866","  0.432",15/18,/core/www/modules//sdig/index.php?run_id=24640&search_id=26160&scans_id=24640&peptide_id=15702&scanf=8881&charge=2&value=15/18,Q9H4B7_TBB1_HUMAN,/core/www/modules//consensus/?run_id=24640&search_id=26160&scans_id=24640&peptide_id=15702&scanf=8881&charge=2&value=Q9H4B7_TBB1_HUMAN,K.LAVNM*VPFPR.L,/core/www/modules/show_out/show_out_wrapper.php?run_id=24640&search_id=26160&scans_id=24640&peptide_id=15702&scanf=8881&charge=2&value=K.LAVNM*VPFPR.L,TUBB1,53475.2,-10000.000,-1.000,0.000,-1.000
8930,2,"   2.21","  2.967","  0.295",16/28,/core/www/modules//sdig/index.php?run_id=24640&search_id=26160&scans_id=24640&peptide_id=15747&scanf=8930&charge=2&value=16/28,P04350_TBB4A_HUMAN,/core/www/modules//consensus/?run_id=24640&search_id=26160&scans_id=24640&peptide_id=15747&scanf=8930&charge=2&value=P04350_TBB4A_HUMAN,R.AVLVDLEPGTM*DSVR.S,/core/www/modules/show_out/show_out_wrapper.php?run_id=24640&search_id=26160&scans_id=24640&peptide_id=15747&scanf=8930&charge=2&value=R.AVLVDLEPGTM*DSVR.S,TUBB4A,1.169e+5,-10000.000,-1.000,0.000,-1.000
8962,2,"   5.25","  2.127","  0.181",12/28,/core/www/modules//sdig/index.php?run_id=24640&search_id=26160&scans_id=24640&peptide_id=15776&scanf=8962&charge=2&value=12/28,Q92665_RT31_HUMAN,/core/www/modules//consensus/?run_id=24640&search_id=26160&scans_id=24640&peptide_id=15776&scanf=8962&charge=2&value=Q92665_RT31_HUMAN,K.ETSESQDSEKENTKK.D,/core/www/modules/show_out/show_out_wrapper.php?run_id=24640&search_id=26160&scans_id=24640&peptide_id=15776&scanf=8962&charge=2&value=K.ETSESQDSEKENTKK.D,MRPS31,19974.6,-10000.000,-1.000,0.000,-1.000
9067,2,"   0.67","  2.483","  0.381",13/22,/core/www/modules//sdig/index.php?run_id=24640&search_id=26160&scans_id=24640&peptide_id=15876&scanf=9067&charge=2&value=13/22,P01857_IGHG1_HUMAN,/core/www/modules//consensus/?run_id=24640&search_id=26160&scans_id=24640&peptide_id=15876&scanf=9067&charge=2&value=P01857_IGHG1_HUMAN,K.GPSVFPLAPSSK.S,/core/www/modules/show_out/show_out_wrapper.php?run_id=24640&search_id=26160&scans_id=24640&peptide_id=15876&scanf=9067&charge=2&value=K.GPSVFPLAPSSK.S,IGHG1,16681.4,-10000.000,-1.000,0.000,-1.000
9233,3,"   1.90","  2.383","  0.027",18/84,/core/www/modules//sdig/index.php?run_id=24640&search_id=26160&scans_id=24640&peptide_id=16032&scanf=9233&charge=3&value=18/84,Q15233_NONO_HUMAN,/core/www/modules//consensus/?run_id=24640&search_id=26160&scans_id=24640&peptide_id=16032&scanf=9233&charge=3&value=Q15233_NONO_HUMAN,R.FGQAATM*EGIGAIGGTPPAFNR.A,/core/www/modules/show_out/show_out_wrapper.php?run_id=24640&search_id=26160&scans_id=24640&peptide_id=16032&scanf=9233&charge=3&value=R.FGQAATM*EGIGAIGGTPPAFNR.A,NONO,10183.9,-10000.000,-1.000,0.000,-1.000
9405,2,"   2.90","  3.522","  0.397",13/30,/core/www/modules//sdig/index.php?run_id=24640&search_id=26160&scans_id=24640&peptide_id=16192&scanf=9405&charge=2&value=13/30,P62987_RL40_HUMAN,/core/www/modules//consensus/?run_id=24640&search_id=26160&scans_id=24640&peptide_id=16192&scanf=9405&charge=2&value=P62987_RL40_HUMAN,K.TITLEVEPSDTIENVK.A,/core/www/modules/show_out/show_out_wrapper.php?run_id=24640&search_id=26160&scans_id=24640&peptide_id=16192&scanf=9405&charge=2&value=K.TITLEVEPSDTIENVK.A,UBA52,89076.1,-10000.000,-1.000,0.000,-1.000
9464,2,"   2.42","  3.477","  0.489",19/34,/core/www/modules//sdig/index.php?run_id=24640&search_id=26160&scans_id=24640&peptide_id=16248&scanf=9464&charge=2&value=19/34,Q71U36_TBA1A_HUMAN,/core/www/modules//consensus/?run_id=24640&search_id=26160&scans_id=24640&peptide_id=16248&scanf=9464&charge=2&value=Q71U36_TBA1A_HUMAN,K.VGINYQPPTVVPGGDLAK.V,/core/www/modules/show_out/show_out_wrapper.php?run_id=24640&search_id=26160&scans_id=24640&peptide_id=16248&scanf=9464&charge=2&value=K.VGINYQPPTVVPGGDLAK.V,TUBA1A,70432.6,-10000.000,-1.000,0.000,-1.000
9476,2,"   2.60","  2.176","  0.218",14/34,/core/www/modules//sdig/index.php?run_id=24640&search_id=26160&scans_id=24640&peptide_id=16259&scanf=9476&charge=2&value=14/34,Q71U36_TBA1A_HUMAN,/core/www/modules//consensus/?run_id=24640&search_id=26160&scans_id=24640&peptide_id=16259&scanf=9476&charge=2&value=Q71U36_TBA1A_HUMAN,K.VGINYQPPTVVPGGDLAK.V,/core/www/modules/show_out/show_out_wrapper.php?run_id=24640&search_id=26160&scans_id=24640&peptide_id=16259&scanf=9476&charge=2&value=K.VGINYQPPTVVPGGDLAK.V,TUBA1A,70432.6,-10000.000,-1.000,0.000,-1.000
9598,2,"   0.24","  2.189","  0.186",12/20,/core/www/modules//sdig/index.php?run_id=24640&search_id=26160&scans_id=24640&peptide_id=16368&scanf=9598&charge=2&value=12/20,P12268_IMDH2_HUMAN,/core/www/modules//consensus/?run_id=24640&search_id=26160&scans_id=24640&peptide_id=16368&scanf=9598&charge=2&value=P12268_IMDH2_HUMAN,K.NLIDAGVDALR.V,/core/www/modules/show_out/show_out_wrapper.php?run_id=24640&search_id=26160&scans_id=24640&peptide_id=16368&scanf=9598&charge=2&value=K.NLIDAGVDALR.V,IMPDH2,26262.2,-10000.000,-1.000,0.000,-1.000
9626,2,"   2.93","  3.962","  0.500",23/30,/core/www/modules//sdig/index.php?run_id=24640&search_id=26160&scans_id=24640&peptide_id=16394&scanf=9626&charge=2&value=23/30,P62736_ACTA_HUMAN,/core/www/modules//consensus/?run_id=24640&search_id=26160&scans_id=24640&peptide_id=16394&scanf=9626&charge=2&value=P62736_ACTA_HUMAN,K.SYELPDGQVITIGNER.F,/core/www/modules/show_out/show_out_wrapper.php?run_id=24640&search_id=26160&scans_id=24640&peptide_id=16394&scanf=9626&charge=2&value=K.SYELPDGQVITIGNER.F,ACTA2,28736.8,-10000.000,-1.000,0.000,-1.000
9642,2,"   2.22","  3.044","  0.378",16/30,/core/www/modules//sdig/index.php?run_id=24640&search_id=26160&scans_id=24640&peptide_id=16409&scanf=9642&charge=2&value=16/30,P62736_ACTA_HUMAN,/core/www/modules//consensus/?run_id=24640&search_id=26160&scans_id=24640&peptide_id=16409&scanf=9642&charge=2&value=P62736_ACTA_HUMAN,K.SYELPDGQVITIGNER.F,/core/www/modules/show_out/show_out_wrapper.php?run_id=24640&search_id=26160&scans_id=24640&peptide_id=16409&scanf=9642&charge=2&value=K.SYELPDGQVITIGNER.F,ACTA2,28736.8,-10000.000,-1.000,0.000,-1.000
9727,2,"   2.55","  2.647","  0.369",15/28,/core/www/modules//sdig/index.php?run_id=24640&search_id=26160&scans_id=24640&peptide_id=16490&scanf=9727&charge=2&value=15/28,Q13885_TBB2A_HUMAN,/core/www/modules//consensus/?run_id=24640&search_id=26160&scans_id=24640&peptide_id=16490&scanf=9727&charge=2&value=Q13885_TBB2A_HUMAN,R.AILVDLEPGTM*DSVR.S,/core/www/modules/show_out/show_out_wrapper.php?run_id=24640&search_id=26160&scans_id=24640&peptide_id=16490&scanf=9727&charge=2&value=R.AILVDLEPGTM*DSVR.S,TUBB2A,1.045e+5,-10000.000,-1.000,0.000,-1.000
9950,2,"   2.22","  1.970","  0.172",11/40,/core/www/modules//sdig/index.php?run_id=24640&search_id=26160&scans_id=24640&peptide_id=16702&scanf=9950&charge=2&value=11/40,Q8NC51_PAIRB_HUMAN,/core/www/modules//consensus/?run_id=24640&search_id=26160&scans_id=24640&peptide_id=16702&scanf=9950&charge=2&value=Q8NC51_PAIRB_HUMAN,R.TDKSSASAPDVDDPEAFPALA.-,/core/www/modules/show_out/show_out_wrapper.php?run_id=24640&search_id=26160&scans_id=24640&peptide_id=16702&scanf=9950&charge=2&value=R.TDKSSASAPDVDDPEAFPALA.-,SERBP1,17784.4,-10000.000,-1.000,0.000,-1.000
